{
  "white_ref": {
    "AS7265X_ch1": 18.622150421142578,
    "AS7265X_ch2": 155.32127380371094,
    "AS7265X_ch3": 400.7864685058594,
    "AS7265X_ch4": 285.1669921875,
    "AS7265X_ch5": 491.6515808105469,
    "AS7265X_ch6": 249.40794372558594,
    "AS7265X_ch7": 66.27997589111328,
    "AS7265X_ch8": 66.26789093017578,
    "AS7265X_ch9": 158.2277374267578,
    "AS7265X_ch10": 34.68739700317383,
    "AS7265X_ch11": 48.523590087890625,
    "AS7265X_ch12": 7.150120735168457,
    "AS7265X_ch13": 8.849281311035156,
    "AS7265X_ch14": 5.816193103790283,
    "AS7265X_ch15": 10.627619743347168,
    "AS7265X_ch16": 11.253639221191406,
    "AS7265X_ch17": 1.8258919715881348,
    "AS7265X_ch18": 2.7067477703094482
  },
  "dark_ref": {
    "AS7265X_ch1": 3.385845422744751,
    "AS7265X_ch2": 35.98907470703125,
    "AS7265X_ch3": 115.3074722290039,
    "AS7265X_ch4": 79.45829772949219,
    "AS7265X_ch5": 258.22650146484375,
    "AS7265X_ch6": 73.79741668701172,
    "AS7265X_ch7": 7.029694557189941,
    "AS7265X_ch8": 7.04977560043335,
    "AS7265X_ch9": 11.720572471618652,
    "AS7265X_ch10": 5.076204776763916,
    "AS7265X_ch11": 5.162084102630615,
    "AS7265X_ch12": 0.7944578528404236,
    "AS7265X_ch13": 0.8044801354408264,
    "AS7265X_ch14": 0.8308847546577454,
    "AS7265X_ch15": 0.8856349587440491,
    "AS7265X_ch16": 1.1253639459609985,
    "AS7265X_ch17": 0.0,
    "AS7265X_ch18": 0.9022492170333862
  },
  "timestamp": "2025-11-02T04:45:37.868127"
}