{
  "ambient_hum": 68.96000000000001,
  "ambient_temp": 31.276666666666667,
  "baseline_mq135": 0.058833333333333335,
  "baseline_mq137": 1.2011666666666667,
  "baseline_mq4": 0.04973333333333334,
  "baseline_mq7": 0.6410666666666667,
  "baseline_timestamp": "2025-11-02T18:34:15.660531",
  "operator": "system"
}