{
  "dark_ref": {
    "AS7265X_ch7": 0.0,
    "AS7265X_ch8": 0.0,
    "AS7265X_ch9": 0.0,
    "AS7265X_ch10": 0.0,
    "AS7265X_ch11": 0.0,
    "AS7265X_ch12": 0.0,
    "AS7265X_ch13": 0.0,
    "AS7265X_ch14": 0.0,
    "AS7265X_ch15": 0.0,
    "AS7265X_ch16": 0.0,
    "AS7265X_ch17": 0.0,
    "AS7265X_ch18": 0.0,
    "AS7265X_ch1": 0.0,
    "AS7265X_ch2": 0.9470809102058411,
    "AS7265X_ch3": 7.439191818237305,
    "AS7265X_ch4": 1.765739917755127,
    "AS7265X_ch5": 0.0,
    "AS7265X_ch6": 0.0
  },
  "white_ref": {
    "AS7265X_ch7": 180.76356506347656,
    "AS7265X_ch8": 170.13458251953125,
    "AS7265X_ch9": 296.5304870605469,
    "AS7265X_ch10": 80.79625701904297,
    "AS7265X_ch11": 84.6581802368164,
    "AS7265X_ch12": 23.436506271362305,
    "AS7265X_ch13": 19.307523727416992,
    "AS7265X_ch14": 12.463271141052246,
    "AS7265X_ch15": 15.941429138183594,
    "AS7265X_ch16": 10.128275871276855,
    "AS7265X_ch17": 3.0431532859802246,
    "AS7265X_ch18": 4.511246204376221,
    "AS7265X_ch1": 12.696920394897461,
    "AS7265X_ch2": 250.9764404296875,
    "AS7265X_ch3": 245.4933319091797,
    "AS7265X_ch4": 74.16107940673828,
    "AS7265X_ch5": 121.08926391601562,
    "AS7265X_ch6": 166.044189453125
  },
  "timestamp": "2025-11-13T01:29:06.835961"
}